0,1,2,3,4,5,6,7,8,9,10,11,12,13,14,15,16,17,18,19,20,21,22,23,24,25,26,27,28,29,30,31,32,33,34,35,36,37,38,39,40,41,42,43,44,45,46,47,48,49,50,51,52,53,54,55,56,57,58,59,60,61,62,63,64,65,66,67,68,69,70,71,72,73,74,75,76,77,78,79,80,81,82,83,84,85,86,87,88,89,90,91,92,93,94,95,96,97,98,99,100,101,102,103,104,105,106,107
1,999999,49,41,999999,33,999999,999999,999999,999999,999999,999999,999999,999999,999999,31,999999,999999,999999,999999,999999,999999,999999,999999,999999,999999,999999,999999,53,999999,13,6,999999,999999,999999,999999,999999,999999,999999,999999,999999,999999,999999,999999,999999,999999,999999,999999,999999,999999,29,999999,42,999999,999999,999999,9,999999,999999,174,999999,999999,999999,999999,999999,999999,84,999999,999999,97,999999,999999,999999,999999,999999,999999,13,13,999999,37,999999,999999,243,999999,999999,1552,50,999999,999999,999999,999999,999999,999999,999999,999999,50,20,999999,999999,21,29,999999,59,999999,10,46,999999,117
2,999999,999999,999999,999999,999999,999999,999999,999999,999999,999999,999999,999999,999999,999999,999999,999999,999999,999999,999999,999999,999999,999999,999999,999999,999999,999999,999999,999999,999999,999999,999999,999999,49,999999,999999,999999,999999,999999,999999,999999,999999,999999,999999,999999,999999,999999,999999,999999,999999,999999,999999,90,999999,999999,999999,999999,999999,999999,999999,999999,999999,999999,999999,999999,999999,54,999999,999999,999999,999999,999999,999999,999999,999999,999999,999999,999999,999999,999999,999999,1008,999999,999999,999999,999999,46,999999,999999,999999,999999,999999,999999,999999,204,999999,91,999999,999999,178,999999,999999,999999,999999,999999,999999,999999,999999
3,999999,999999,999999,999999,168,6,999999,999999,999999,11,33,999999,999999,999999,999999,999999,999999,82,999999,999999,999999,999999,999999,999999,999999,999999,373,999999,999999,999999,999999,999999,999999,999999,999999,61,999999,999999,24,999999,999999,999999,999999,999999,336,999999,999999,999999,999999,999999,999999,22,123,105,53,28,245,999999,110,65,999999,127,62,126,28,63,999999,999999,999999,999999,999999,999999,999999,999999,999999,999999,54,999999,999999,999999,999999,999999,14,999999,76,59,999999,273,429,350,89,999999,999999,999999,999999,12,999999,999999,999999,999999,65,999999,999999,999999,80,52,288
4,999999,999999,999999,999999,134,297,999999,999999,999999,168,185,999999,999999,999999,999999,999999,999999,999999,999999,999999,999999,999999,999999,999999,999999,999999,126,999999,999999,155,130,139,999999,999999,999999,999999,999999,999999,999999,999999,999999,999999,999999,999999,999999,999999,999999,999999,999999,999999,999999,21,65,114,132,155,198,250,116,476,999999,96,86,141,159,69,999999,999999,999999,999999,999999,999999,22,198,999999,999999,157,999999,999999,999999,999999,999999,190,999999,999999,125,999999,275,272,213,363,999999,999999,999999,999999,39,999999,999999,184,999999,153,999999,999999,999999,241,136,296
5,999999,7,620,999999,35,999999,999999,999999,113,22,71,230,146,999999,213,999999,370,999999,24,999999,999999,999999,999999,999999,999999,999999,999999,26,16,17,5,1145,999999,999999,999999,999999,999999,999999,28,999999,999999,999999,11,788,999999,999999,999999,51,999999,39,999999,43,999999,70,999999,717,33,1750,49,999999,999999,999999,999999,999999,13,37,999999,999999,70,999999,999999,999999,999999,85,25,16,36,999999,23,999999,60,32,999999,18,108,29,672,999999,999999,52,999999,999999,999999,18,78,34,88,999999,15,1058,999999,999999,999999,999999,13,28,6
6,999999,999999,999999,999999,999999,999999,123,999999,999999,999999,92,999999,999999,999999,24,999999,999999,999999,999999,999999,228,999999,109,219,63,999999,999999,125,999999,999999,999999,999999,999999,999999,318,999999,999999,999999,999999,999999,999999,999999,999999,999999,999999,999999,999999,999999,999999,999999,999999,7,999999,999999,999999,999999,999999,20,999999,999999,999999,999999,999999,999999,999999,999999,999999,999999,999999,999999,999999,999999,999999,999999,999999,999999,12,999999,999999,999999,312,999999,999999,999999,611,999999,91,999999,138,999999,999999,999999,999999,999999,999999,999999,999999,999999,999999,10,999999,999999,999999,999999,999999,25,999999
7,999999,91,960,999999,999999,999999,999999,999999,999999,999999,999999,36,143,999999,7,999999,2532,999999,35,999999,999999,999999,999999,999999,999999,999999,999999,45,999999,2522,55,28,999999,999999,999999,999999,999999,999999,999999,999999,999999,999999,999999,98,13,999999,999999,96,999999,45,999999,73,152,8,196,177,999999,34,225,999999,999999,1157,999999,95,999999,85,999999,999999,21,8,999999,25,999999,999999,23,17,78,999999,57,173,189,23,999999,45,67,57,33,999999,22,75,999999,999999,999999,184,10,36,40,999999,31,58,999999,999999,999999,147,88,120,38
8,384,999999,999999,999999,451,999999,999999,999999,999999,387,97,999999,999999,999999,999999,999999,999999,157,999999,999999,999999,999999,999999,999999,999999,999999,446,999999,999999,249,58,40,999999,999999,999999,999999,999999,999999,999999,999999,999999,999999,15,999999,999999,999999,999999,999999,999999,999999,999999,43,258,141,308,326,245,306,116,56,999999,61,41,144,103,16,999999,999999,999999,999999,999999,999999,255,999999,999999,999999,152,999999,999999,999999,23,999999,999999,999999,9,148,999999,204,140,380,255,999999,999999,999999,999999,23,999999,999999,999999,999999,121,999999,999999,999999,478,162,184
9,999999,424,31,999999,89,999999,999999,999999,999999,148,128,999999,999999,999999,40,66,999999,999999,999999,999999,999999,999999,999999,999999,999999,999999,220,999999,999999,999999,999999,999999,85,999999,999999,999999,999999,999999,999999,999999,999999,999999,999999,172,999999,999999,999999,999999,999999,999999,999999,999999,100,60,99,95,144,999999,26,317,999999,74,137,352,234,17,999999,999999,999999,999999,999999,999999,999999,999999,999999,999999,189,999999,999999,999999,999999,999999,68,999999,999999,114,143,215,190,109,528,999999,999999,999999,999999,999999,999999,999999,1582,999999,105,999999,999999,999999,265,223,306
10,999999,999999,999999,999999,189,376,7,999999,999999,136,290,999999,999999,999999,82,999999,183,999999,999999,999999,999999,999999,999999,999999,999999,999999,38,999999,999999,177,205,76,999999,999999,999999,999999,999999,999999,999999,999999,999999,999999,999999,999999,999999,999999,999999,999999,999999,999999,276,451,56,183,89,30,198,171,244,999999,999999,73,54,88,124,999999,999999,7,999999,999999,999999,999999,999999,999999,999999,113,90,999999,999999,999999,443,999999,62,5,7,111,999999,217,320,131,284,999999,999999,999999,999999,52,999999,999999,999999,999999,319,999999,999999,999999,48,123,137
11,999999,999999,999999,999999,45,309,999999,999999,999999,999999,306,999999,999999,999999,999999,999999,999999,354,999999,999999,999999,999999,999999,999999,999999,999999,236,999999,999999,999999,999999,62,999999,999999,999999,999999,999999,999999,999999,999999,999999,999999,999999,35,999999,999999,999999,999999,999999,999999,999999,999999,61,69,142,196,30,249,52,50,999999,39,109,33,55,67,999999,999999,999999,58,999999,999999,142,999999,999999,999999,75,999999,999999,999999,999999,999999,212,999999,119,92,40,116,479,375,56,999999,999999,999999,999999,73,999999,999999,198,999999,131,999999,1695,999999,204,86,109
12,999999,999999,999999,38,999999,999999,999999,999999,999999,79,999999,999999,999999,999999,999999,78,98,54,999999,999999,999999,999999,999999,999999,999999,999999,999999,999999,147,999999,999999,999999,999999,105,999999,999999,999999,999999,999999,999999,999999,999999,64,165,91,999999,999999,999999,999999,999999,999999,9,999999,999999,999999,999999,999999,999999,999999,999999,999999,54,999999,999999,999999,999999,72,153,131,67,61,999999,999999,135,239,999999,999999,999999,999999,999999,999999,999999,999999,999999,131,999999,69,999999,999999,61,999999,999999,999999,999999,999999,999999,999999,999999,999999,999999,999999,999999,999999,999999,999999,64,999999
13,999999,32,43,999999,999999,999999,999999,999999,999999,999999,999999,999999,999999,999999,33,20,999999,999999,999999,999999,999999,999999,999999,999999,999999,85,999999,166,999999,999999,999999,999999,999999,999999,999999,999999,999999,999999,999999,999999,999999,999999,999999,999999,999999,999999,999999,999999,999999,999999,999999,765,999999,999999,18,999999,999999,999999,999999,999999,92,999999,999999,999999,134,999999,999999,999999,999999,999999,999999,999999,999999,999999,999999,999999,98,80,46,19,999999,31,999999,999999,29,999999,999999,999999,999999,999999,999999,999999,999999,999999,22,999999,999999,999999,44,50,999999,999999,999999,999999,999999,1208,999999
14,30,11,182,999999,27,999999,19,999999,999999,15,999999,143,21,999999,1303,999999,7,284,119,999999,999999,999999,999999,999999,999999,999999,999999,17,5,154,13,18,999999,999999,224,999999,999999,999999,999999,999999,999999,999999,7,128,999999,999999,999999,14,999999,23,999999,31,15,47,999999,275,999999,29,17,999999,999999,6,999999,120,999999,40,999999,999999,33,11,21,46,999999,999999,71,752,30,999999,208,11,29,31,999999,16,54,44,210,15,999999,9,999999,11,9,19,48,26,13,999999,54,27,999999,999999,999999,8,48,32,1112
15,999999,999999,999999,999999,999999,999999,999999,21,999999,999999,999999,999999,999999,999999,999999,999999,999999,999999,999999,999999,999999,999999,999999,999999,999999,999999,999999,999999,999999,999999,999999,999999,999999,999999,999999,999999,999999,999999,999999,999999,46,999999,999999,999999,999999,999999,999999,999999,999999,999999,999999,999999,999999,999999,999999,999999,999999,999999,999999,999999,999999,999999,999999,999999,999999,999999,999999,999999,999999,999999,999999,999999,999999,999999,999999,999999,999999,999999,999999,999999,999999,999999,999999,999999,999999,999999,999999,999999,999999,999999,999999,999999,999999,999999,999999,999999,999999,999999,999999,999999,999999,999999,999999,999999,999999,999999,999999
16,999999,999999,999999,999999,999999,999999,999999,999999,999999,999999,999999,999999,999999,86,999999,999999,999999,999999,999999,999999,999999,47,999999,999999,999999,999999,999999,999999,999999,999999,999999,999999,999999,999999,999999,89,999999,999999,999999,999999,999999,999999,999999,999999,999999,999999,999999,999999,999999,999999,999999,999999,999999,999999,999999,999999,999999,999999,999999,999999,999999,999999,999999,999999,999999,999999,999999,999999,999999,999999,999999,999999,999999,999999,999999,999999,999999,999999,999999,999999,999999,999999,999999,999999,999999,999999,999999,999999,999999,999999,999999,999999,999999,999999,999999,999999,999999,999999,999999,999999,999999,999999,999999,999999,999999,999999,999999
17,999999,999999,999999,1030,54,77,999999,999999,127,24,130,999999,999999,999999,999999,999999,147,999999,999999,999999,999999,999999,999999,999999,999999,999999,127,999999,999999,103,96,277,999999,999999,999999,999999,999999,999999,999999,999999,999999,999999,999999,999999,999999,999999,999999,999999,427,999999,999999,492,394,275,190,77,150,69,99,44,999999,61,92,235,109,999999,999999,999999,999999,999999,999999,80,999999,999999,999999,13,100,999999,999999,999999,999999,999999,334,999999,189,99,999999,79,196,280,145,999999,999999,999999,999999,999999,999999,999999,999999,64,191,999999,999999,999999,200,157,127
18,999999,999999,999999,999999,46,7,999999,999999,999999,14,24,999999,999999,999999,999999,999999,999999,198,999999,999999,999999,999999,999999,999999,999999,999999,438,999999,999999,171,91,118,999999,999999,999999,999999,999999,999999,999999,999999,999999,999999,999999,999999,999999,999999,999999,999999,999999,999999,999999,999999,96,345,56,188,183,202,143,156,999999,372,249,271,169,321,999999,999999,999999,999999,999999,999999,619,999999,999999,999999,213,999999,999999,999999,999999,999999,80,999999,219,146,12,999999,48,360,367,999999,999999,999999,999999,6,999999,999999,999999,999999,80,999999,999999,999999,462,205,106
19,999999,999999,999999,999999,1335,443,999999,999999,999999,85,126,999999,999999,999999,999999,999999,1317,999999,999999,999999,999999,999999,16,999999,999999,999999,133,999999,999999,910,19,443,57,999999,999999,999999,999999,999999,999999,999999,999999,999999,999999,999999,999999,999999,999999,999999,999999,999999,999999,999999,69,92,92,47,74,260,203,83,999999,104,65,188,298,11,999999,999999,999999,999999,999999,999999,725,999999,999999,999999,107,999999,999999,999999,27,999999,9,999999,57,115,284,10,63,248,266,999999,999999,999999,999999,2379,999999,999999,999999,1984,99,999999,999999,999999,311,112,207
20,999999,999999,999999,999999,999999,999999,999999,999999,999999,999999,999999,999999,999999,63,999999,999999,999999,999999,999999,999999,999999,59,999999,999999,999999,999999,999999,999999,999999,999999,999999,999999,999999,999999,999999,999999,999999,999999,999999,999999,999999,999999,999999,999999,999999,999999,999999,999999,999999,999999,999999,999999,999999,999999,999999,999999,999999,999999,999999,999999,999999,999999,999999,999999,999999,999999,999999,999999,999999,999999,999999,999999,999999,999999,999999,999999,999999,999999,999999,999999,999999,999999,999999,999999,999999,999999,999999,999999,999999,999999,999999,999999,999999,999999,999999,999999,999999,999999,999999,999999,999999,999999,999999,999999,999999,999999,999999
21,999999,999999,999999,999999,999999,999999,999999,999999,999999,999999,999999,999999,999999,999999,999999,999999,999999,999999,999999,999999,999999,999999,999999,999999,999999,999999,999999,999999,999999,999999,999999,999999,123,999999,999999,999999,206,305,159,119,999999,999999,999999,999999,999999,70,26,999999,316,140,999999,999999,999999,999999,999999,999999,5,999999,999999,999999,999999,999999,999999,999999,999999,999999,999999,999999,999999,153,999999,187,999999,999999,999999,999999,53,999999,999999,999999,999999,999999,999999,999999,999999,253,999999,999999,999999,999999,999999,999999,999999,1296,999999,999999,999999,999999,38,999999,999999,183,192,106,999999,999999,999999
22,999999,999999,999999,999999,999999,999999,999999,999999,999999,140,123,999999,999999,999999,999999,999999,999999,999999,999999,999999,999999,999999,999999,999999,999999,999999,40,999999,999999,194,30,48,999999,999999,999999,999999,999999,999999,999999,999999,999999,999999,999999,999999,999999,999999,999999,999999,999999,999999,999999,999999,43,108,48,20,123,42,82,999999,999999,56,50,999999,35,134,999999,999999,999999,999999,999999,999999,999999,999999,999999,108,76,999999,999999,999999,999999,999999,999999,18,999999,129,999999,16,95,52,89,999999,999999,999999,999999,999999,999999,999999,999999,999999,11,999999,999999,999999,999999,58,209
23,999999,999999,999999,999999,999999,999999,232,999999,999999,999999,91,999999,999999,999999,999999,999999,69,999999,999999,999999,219,999999,202,190,90,999999,999999,999999,999999,999999,999999,999999,999999,999999,244,999999,999999,999999,999999,999999,999999,999999,999999,999999,999999,999999,999999,999999,999999,999999,999999,102,999999,999999,999999,999999,999999,7,999999,999999,999999,999999,999999,999999,999999,999999,999999,999999,999999,999999,999999,999999,999999,999999,999999,999999,999999,999999,999999,999999,5,999999,999999,999999,182,999999,138,999999,999999,121,999999,79,999999,999999,999999,999999,999999,999999,999999,999999,999999,999999,999999,999999,999999,22,999999
24,999999,999999,999999,999999,263,978,999999,999999,999999,149,960,999999,999999,999999,999999,999999,999999,1261,999999,999999,999999,999999,999999,999999,999999,999999,203,999999,98,77,134,186,999999,999999,999999,999999,999999,999999,999999,999999,999999,999999,999999,999999,999999,999999,999999,999999,999999,999999,393,999999,174,1740,84,448,162,86,151,280,999999,513,80,353,63,999999,999999,999999,999999,999999,999999,999999,95,999999,999999,57,412,999999,999999,999999,999999,999999,299,999999,999999,319,2757,283,128,414,991,999999,999999,999999,999999,753,999999,999999,999999,999999,940,999999,999999,999999,763,405,450
25,999999,999999,999999,999999,999999,999999,999999,999999,999999,999999,999999,999999,999999,999999,999999,999999,999999,999999,999999,999999,999999,999999,999999,999999,999999,999999,999999,999999,999999,999999,999999,999999,93,999999,999999,999999,999999,999999,999999,999999,999999,94,999999,999999,999999,999999,999999,999999,999999,999999,999999,999999,999999,999999,999999,999999,999999,999999,999999,999999,999999,999999,999999,999999,999999,999999,999999,999999,999999,999999,999999,999999,999999,999999,999999,999999,999999,999999,999999,999999,999999,999999,999999,999999,999999,999999,999999,999999,999999,999999,999999,999999,999999,999999,999999,999999,999999,999999,999999,999999,999999,999999,999999,999999,999999,999999,999999
26,999999,13,83,999999,61,999999,999999,999999,23,999999,48,16,33,999999,33,999999,999999,999999,70,999999,999999,999999,999999,999999,999999,999999,12,8,999999,27,999999,1363,999999,999999,999999,999999,999999,999999,7,127,999999,999999,999999,44,999999,999999,999999,999999,999999,47,999999,42,43,67,30,1210,999999,999999,55,10,999999,999999,999999,182,49,27,76,999999,14,34,999999,999999,999999,999999,76,64,45,999999,95,39,28,28,999999,66,56,44,41,59,999999,999999,999999,999999,999999,537,36,47,14,999999,803,249,999999,999999,999999,999999,35,23,109
27,999999,14,999999,999999,1248,999999,999999,999999,999999,999999,38,46,67,999999,33,999999,195,999999,17,999999,999999,999999,999999,999999,999999,999999,999999,31,999999,31,26,19,999999,999999,999999,999999,28,999999,36,39,999999,999999,12,999999,999999,999999,999999,999999,999999,23,999999,42,999999,129,39,999999,30,47,999999,999999,999999,35,36,121,999999,18,999999,999999,20,15,999999,999999,999999,999999,27,8,38,999999,32,8,30,48,999999,17,15,25,747,32,999999,56,999999,999999,999999,43,10,14,19,948,9,27,999999,999999,999999,999999,31,15,9
28,999999,999999,999999,999999,999999,999999,999999,23,999999,999999,999999,999999,999999,999999,999999,999999,999999,999999,999999,999999,999999,999999,999999,999999,999999,127,999999,999999,999999,999999,999999,999999,999999,999999,999999,169,999999,999999,999999,999999,113,999999,999999,999999,999999,999999,999999,999999,999999,999999,999999,999999,999999,999999,999999,999999,999999,999999,999999,999999,999999,999999,999999,999999,999999,999999,999999,999999,999999,999999,999999,999999,999999,999999,999999,999999,999999,92,999999,999999,999999,999999,999999,999999,999999,999999,999999,999999,999999,999999,999999,999999,999999,999999,999999,999999,999999,999999,999999,999999,999999,999999,999999,999999,999999,999999,999999
29,999999,999999,999999,999999,73,999999,999999,999999,999999,46,73,999999,999999,999999,108,999999,999999,999999,999999,999999,999999,999999,999999,999999,999999,999999,12,999999,999999,89,248,46,999999,999999,999999,999999,60,999999,999999,28,999999,999999,999999,999999,999999,999999,999999,999999,999999,999999,999999,133,116,121,147,46,40,78,73,999999,999999,219,5,751,223,999999,6,999999,999999,999999,7,999999,20,999999,999999,999999,99,999999,999999,999999,21,999999,999999,999999,999999,63,414,15,11,42,47,999999,999999,999999,999999,999999,999999,999999,20,999999,191,999999,999999,93,73,101,122
30,999999,999999,999999,999999,46,35,999999,999999,341,333,151,999999,999999,999999,999999,999999,999999,999999,999999,999999,999999,999999,999999,999999,999999,999999,96,999999,999999,999999,999999,999999,999999,999999,999999,999999,2308,999999,999999,999999,999999,999999,999999,999999,999999,999999,999999,999999,999999,999999,999999,999999,141,285,189,235,81,68,160,192,999999,48,75,177,154,454,999999,999999,999999,999999,999999,999999,15,999999,999999,108,64,999999,999999,999999,477,999999,46,999999,999999,127,999999,508,12,350,29,999999,999999,999999,999999,999999,999999,999999,999999,999999,231,999999,999999,871,12,161,124
31,999999,999999,999999,999999,73,71,999999,999999,999999,54,254,999999,999999,999999,999999,999999,999999,999999,999999,999999,999999,999999,999999,999999,999999,999999,205,999999,999999,387,39,157,999999,999999,999999,999999,999999,999999,999999,999999,999999,999999,999999,999999,999999,999999,999999,999999,999999,999999,999999,999999,148,124,397,151,260,87,31,57,999999,101,84,185,60,128,999999,480,999999,135,999999,999999,999999,999999,999999,999999,103,999999,999999,999999,999999,999999,219,999999,999999,67,260,114,458,149,289,999999,999999,999999,999999,999999,999999,999999,999999,999999,38,999999,999999,999999,273,98,146
32,26,999999,999999,999999,425,30,999999,999999,43,999999,533,999999,999999,999999,204,999999,999999,34,999999,999999,999999,999999,999999,999999,999999,999999,242,999999,999999,206,314,124,999999,999999,999999,999999,999999,999999,999999,999999,999999,999999,999999,999999,999999,999999,999999,999999,999999,999999,999999,398,279,99,399,174,180,152,221,188,999999,95,43,366,208,84,999999,999999,999999,999999,999999,999999,999999,999999,999999,999999,209,999999,999999,999999,209,999999,26,130,32,200,376,274,439,188,366,999999,999999,999999,999999,88,999999,999999,999999,999999,196,999999,999999,999999,220,186,159
33,999999,999999,999999,999999,999999,999999,999999,46,999999,999999,999999,999999,999999,999999,999999,999999,999999,999999,999999,999999,999999,999999,999999,999999,999999,999999,999999,999999,999999,999999,999999,999999,231,999999,999999,999999,999999,999999,999999,999999,197,999999,999999,999999,999999,999999,999999,999999,999999,999999,999999,999999,999999,999999,999999,999999,999999,999999,999999,999999,999999,999999,999999,999999,999999,999999,999999,999999,999999,999999,999999,999999,999999,999999,999999,999999,181,999999,999999,999999,999999,999999,999999,999999,999999,999999,999999,999999,999999,999999,999999,999999,999999,999999,999999,999999,999999,999999,999999,999999,999999,999999,999999,999999,999999,999999,999999
34,999999,591,17,999999,27,999999,999999,999999,58,999999,40,86,7,999999,18,999999,63,999999,26,999999,999999,999999,999999,999999,999999,999999,29,21,999999,14,999999,999999,999999,999999,999999,999999,999999,999999,999999,36,999999,999999,999999,999999,999999,999999,999999,36,999999,56,999999,112,138,35,386,999999,35,999999,999999,999999,999999,999999,15,40,999999,24,999999,999999,24,101,999999,999999,999999,999999,19,999999,21,999999,120,12,39,33,999999,6,30,43,110,999999,999999,5,999999,11,999999,30,6,32,101,30,6,56,999999,999999,999999,999999,27,2872,792
35,999999,40,54,999999,154,15,999999,999999,999999,999999,842,80,321,999999,49,999999,43,999999,71,999999,999999,999999,999999,999999,999999,999999,999999,72,999999,1215,999999,24,999999,999999,138,999999,999999,999999,999999,999999,999999,999999,999999,999999,999999,999999,999999,999999,999999,355,999999,76,999999,95,57,73,283,999999,330,999999,999999,110,999999,63,999999,147,999999,999999,84,999999,999999,999999,999999,999999,211,999999,86,999999,45,42,36,61,999999,105,112,92,112,999999,53,37,999999,34,363,33,146,114,20,999999,70,173,999999,999999,84,999999,80,134,60
36,999999,999999,999999,999999,999999,999999,999999,999999,999999,999999,999999,999999,999999,999999,999999,999999,999999,999999,999999,999999,999999,999999,999999,999999,999999,999999,999999,999999,999999,999999,999999,999999,999999,999999,999999,261,999999,999999,999999,999999,96,999999,999999,999999,999999,999999,999999,999999,999999,999999,999999,999999,999999,999999,999999,999999,999999,999999,999999,999999,999999,999999,999999,999999,999999,999999,999999,999999,999999,999999,999999,999999,999999,999999,999999,999999,999999,999999,999999,999999,999999,999999,999999,999999,999999,999999,999999,999999,999999,999999,999999,999999,999999,999999,999999,999999,999999,999999,999999,999999,999999,999999,999999,999999,999999,999999,999999
37,999999,999999,999999,999999,999999,999999,999999,999999,999999,999999,999999,999999,999999,999999,999999,999999,999999,999999,999999,999999,999999,999999,999999,999999,999999,999999,999999,999999,999999,999999,999999,999999,999999,999999,999999,999999,999999,999999,999999,999999,246,999999,999999,999999,999999,999999,999999,999999,999999,999999,999999,999999,999999,999999,999999,999999,999999,999999,999999,999999,999999,999999,999999,999999,999999,999999,999999,999999,999999,999999,999999,999999,999999,999999,999999,999999,999999,999999,999999,999999,999999,999999,999999,999999,999999,999999,999999,999999,999999,999999,999999,999999,999999,999999,999999,999999,999999,999999,999999,999999,999999,999999,999999,999999,999999,999999,999999
38,999999,999999,999999,999999,9,1631,2710,999999,999999,125,71,999999,999999,999999,999999,999999,337,999999,999999,999999,999999,999999,26,999999,999999,999999,999999,999999,999999,53,332,34,999999,999999,999999,999999,12,999999,999999,999999,999999,999999,999999,999999,999999,999999,999999,999999,999999,999999,999999,999999,199,43,196,999999,353,76,115,999999,999999,152,180,366,134,66,999999,999999,999999,999999,999999,999999,122,999999,999999,999999,190,999999,999999,999999,999999,999999,20,999999,249,211,163,233,420,165,304,999999,999999,999999,999999,45,999999,999999,999999,999999,999999,999999,999999,999999,88,265,355
39,999999,999999,999999,999999,58,344,999999,999999,999999,999999,67,999999,999999,999999,45,999999,7,999999,999999,999999,999999,999999,999999,999999,999999,999999,402,999999,999999,143,67,234,999999,999999,999999,999999,999999,999999,999999,999999,999999,999999,999999,999999,999999,999999,999999,999999,999999,999999,999999,17,169,117,239,132,328,398,114,999999,999999,54,29,115,64,19,999999,999999,999999,999999,999999,999999,341,999999,999999,999999,197,999999,999999,999999,68,999999,999999,999999,122,195,999999,165,452,159,133,999999,999999,999999,999999,90,999999,999999,999999,999999,999999,999999,999999,999999,37,166,165
40,999999,17,999999,999999,31,103,999999,999999,999999,999999,8,151,128,999999,10,999999,542,999999,33,999999,999999,999999,999999,999999,999999,999999,999999,67,999999,24,19,1071,999999,999999,999999,999999,999999,999999,457,999999,999999,999999,999999,19,999999,999999,999999,82,999999,35,999999,48,999999,999999,1033,268,999999,999999,167,999999,999999,999999,999999,99,8,44,999999,11,17,137,999999,999999,999999,999999,22,332,43,999999,53,18,777,45,999999,59,603,27,41,999999,999999,250,12,999999,999999,14,1065,44,18,999999,84,42,999999,999999,999999,1336,30,29,7
41,999999,999999,999999,999999,999999,999999,999999,999999,999999,999999,999999,999999,999999,999999,999999,999999,999999,999999,999999,999999,999999,999999,999999,999999,999999,999999,999999,999999,999999,999999,999999,999999,999999,999999,999999,999999,240,299,329,344,999999,999999,999999,999999,999999,401,175,999999,266,148,999999,355,999999,999999,999999,999999,91,999999,999999,999999,999999,999999,999999,999999,999999,999999,999999,999999,999999,16,999999,237,999999,999999,999999,999999,183,999999,999999,999999,999999,999999,5,999999,50,136,999999,999999,999999,999999,999999,999999,999999,999999,999999,999999,999999,999999,999999,999999,41,315,386,272,999999,199,999999
42,999999,999999,999999,999999,999999,999999,999999,125,999999,999999,999999,999999,999999,999999,999999,999999,999999,999999,999999,81,999999,999999,999999,999999,999999,999999,999999,999999,999999,999999,999999,999999,999999,999999,999999,999999,999999,999999,999999,999999,999999,999999,999999,999999,999999,999999,999999,999999,999999,999999,999999,999999,999999,999999,999999,999999,999999,999999,999999,999999,999999,999999,999999,999999,999999,999999,999999,999999,999999,999999,999999,999999,999999,999999,999999,999999,999999,39,999999,999999,999999,999999,999999,999999,999999,999999,999999,999999,999999,999999,999999,999999,999999,999999,999999,999999,999999,999999,999999,999999,999999,999999,999999,999999,999999,999999,999999
43,999999,999999,999999,999999,999999,999999,999999,37,999999,999999,999999,999999,999999,999999,999999,999999,999999,999999,999999,999999,999999,999999,999999,999999,999999,999999,999999,999999,999999,999999,999999,999999,999999,999999,999999,999999,999999,999999,999999,999999,999999,999999,999999,999999,999999,999999,999999,999999,999999,999999,999999,999999,999999,999999,999999,999999,999999,999999,999999,999999,999999,999999,999999,999999,999999,999999,999999,999999,999999,999999,999999,999999,999999,999999,999999,999999,999999,999999,999999,999999,999999,999999,999999,999999,999999,999999,999999,999999,999999,999999,999999,999999,999999,999999,999999,999999,999999,999999,999999,999999,999999,999999,999999,999999,999999,999999,999999
44,999999,999999,999999,999999,61,999999,999999,999999,22,528,36,999999,999999,999999,999999,999999,999999,999999,999999,999999,999999,999999,999999,999999,999999,999999,269,999999,999999,85,296,36,999999,999999,999999,999999,608,999999,999999,999999,999999,999999,999999,999999,999999,999999,999999,999999,999999,999999,999999,999999,189,82,244,307,1625,122,324,1283,999999,84,118,179,281,375,999999,475,999999,999999,999999,999999,83,14,999999,999999,193,999999,999999,999999,2007,999999,999999,999999,999999,125,114,69,196,154,182,999999,999999,999999,999999,1843,345,999999,999999,999999,204,999999,999999,278,159,247,115
45,43,11,999999,999999,14,999999,21,999999,999999,15,49,46,24,999999,91,999999,22,999999,74,999999,999999,999999,999999,999999,999999,999999,9,57,999999,47,999999,999999,999999,999999,999999,999999,999999,999999,367,78,999999,999999,999999,999999,999999,999999,999999,999999,999999,37,999999,32,136,17,51,24,999999,999999,35,999999,999999,9,41,999999,18,37,999999,24,29,24,999999,999999,999999,999999,26,75,31,999999,29,58,73,34,999999,19,37,41,23,1276,999999,97,999999,999999,39,20,999999,36,9,999999,35,37,999999,999999,999999,999999,23,36,999999
46,20,117,999999,999999,21,999999,19,999999,999999,109,111,999999,999999,999999,340,999999,169,999999,999999,999999,999999,999999,999999,999999,999999,999999,117,999999,999999,999999,999999,999999,999999,999999,999999,999999,999999,999999,999999,999999,999999,999999,999999,999999,999999,999999,999999,999999,999999,152,999999,999999,38,49,162,75,110,999999,99,88,999999,42,191,208,54,57,999999,194,999999,999999,999999,999999,129,999999,999999,999999,61,999999,999999,999999,999999,999999,91,999999,999999,51,999999,188,59,217,34,999999,999999,999999,999999,6,999999,999999,999999,999999,38,999999,26,999999,74,58,175
47,999999,999999,999999,999999,999999,999999,999999,236,999999,999999,999999,999999,999999,999999,999999,999999,999999,999999,999999,999999,999999,999999,999999,999999,999999,999999,999999,999999,999999,999999,999999,999999,999999,999999,999999,999999,999999,999999,999999,999999,999999,999999,999999,999999,999999,999999,999999,999999,999999,999999,999999,999999,999999,999999,999999,999999,999999,999999,999999,999999,999999,999999,999999,999999,999999,999999,999999,999999,999999,999999,999999,999999,999999,999999,999999,999999,6,999999,999999,999999,999999,999999,999999,999999,999999,999999,999999,999999,999999,999999,999999,999999,999999,999999,999999,999999,999999,999999,999999,999999,999999,999999,999999,999999,999999,999999,999999
48,999999,999999,999999,5,72,16,284,999999,999999,157,68,999999,999999,999999,999999,999999,999999,999999,999999,999999,999999,999999,999999,999999,999999,999999,949,999999,999999,60,142,43,999999,999999,999999,999999,999999,999999,999999,999999,999999,999999,999999,999999,999999,999999,999999,999999,999999,999999,999999,999999,154,61,490,50,404,38,143,12,999999,196,241,93,18,999999,999999,999999,999999,999999,999999,999999,39,999999,999999,347,109,999999,999999,999999,321,999999,466,999999,108,113,50,34,185,379,59,999999,999999,999999,999999,999999,5,9,999999,999999,38,999999,999999,999999,23,127,188
49,999999,999999,999999,999999,47,999999,999999,999999,999999,44,107,999999,999999,999999,999999,999999,999999,999999,999999,999999,999999,999999,999999,999999,57,999999,746,999999,999999,224,120,80,999999,999999,999999,999999,999999,999999,999999,999999,999999,999999,999999,999999,999999,999999,999999,999999,999999,999999,999999,999999,174,207,110,264,59,124,136,11,999999,54,36,39,999999,171,999999,43,999999,81,999999,999999,318,999999,999999,5,86,999999,999999,999999,94,999999,999999,999999,999999,98,999999,249,362,138,77,999999,999999,97,999999,30,999999,999999,999999,999999,89,999999,999999,999999,14,169,70
50,999999,12,999999,999999,138,999999,999999,999999,999999,999999,140,18,45,999999,11,1563,120,999999,86,999999,999999,999999,999999,999999,999999,999999,999999,14,30,999999,44,999999,999999,999999,999999,999999,999999,999999,22,999999,999999,999999,999999,999999,999999,999999,999999,18,999999,310,999999,18,999999,23,46,999999,26,999999,999999,999999,999999,999999,999999,25,21,47,999999,999999,51,58,999999,999999,24,999999,44,16,41,999999,39,730,634,19,999999,55,14,27,18,999999,999999,999999,47,999999,999999,600,57,29,25,999999,11,37,999999,999999,999999,999999,19,9,28
51,999999,16,69,999999,39,999999,8,999999,999999,809,275,36,51,999999,36,999999,999999,999999,173,999999,999999,999999,999999,999999,999999,999999,999999,53,26,36,999999,999999,999999,999999,999999,93,999999,999999,999999,999999,999999,999999,999999,999999,999999,999999,999999,999999,999999,60,999999,72,999999,30,27,51,91,999999,173,999999,999999,116,133,46,34,71,999999,999999,74,25,192,999999,9,999999,20,999999,71,999999,32,60,150,47,999999,56,100,48,81,145,15,15,60,155,999999,136,17,67,29,999999,38,58,999999,999999,999999,999999,84,23,31
52,7,999999,999999,999999,168,180,999999,999999,161,189,363,999999,999999,999999,999999,999999,999999,999999,999999,999999,999999,999999,999999,999999,999999,999999,305,999999,999999,199,142,320,999999,999999,999999,999999,999999,275,999999,999999,999999,999999,999999,117,346,999999,999999,999999,999999,999999,999999,235,218,129,72,101,386,224,231,484,999999,383,317,373,139,75,999999,999999,999999,999999,999999,999999,851,999999,999999,78,268,999999,244,999999,999999,999999,322,999999,16,235,115,329,328,385,169,999999,999999,999999,999999,209,999999,999999,999999,999999,50,999999,999999,999999,331,273,268
53,158,999999,999999,999999,45,1294,999999,999999,999999,52,62,999999,999999,999999,999999,999999,999999,999999,999999,999999,999999,999999,999999,999999,65,999999,778,999999,999999,449,999999,80,999999,999999,999999,999999,999999,999999,999999,999999,999999,999999,999999,999999,999999,999999,999999,999999,999999,999999,999999,999999,241,337,559,86,321,7,120,63,999999,157,86,303,61,476,999999,999999,999999,348,999999,999999,1519,999999,999999,999999,158,999999,999999,999999,159,999999,635,999999,999999,134,999999,83,60,349,259,999999,999999,999999,999999,74,999999,999999,999999,999999,110,999999,999999,999999,149,185,119
54,999999,17,7,999999,84,256,999999,999999,999999,999999,14,80,44,999999,10,50,21,999999,36,999999,999999,999999,999999,999999,999999,999999,25,19,999999,34,25,759,999999,999999,999999,999999,999999,999999,192,51,999999,999999,999999,15,999999,999999,999999,9,42,29,999999,33,999999,1246,12,296,999999,999999,11,999999,999999,999999,999999,12,10,49,999999,999999,23,9,999999,999999,999999,999999,20,55,51,999999,16,73,35,19,999999,31,35,22,20,999999,66,28,999999,999999,1036,94,999999,34,22,999999,28,86,999999,57,999999,25,33,12,14
55,999999,999999,999999,999999,147,999999,999999,999999,999999,300,38,999999,999999,999999,999999,999999,1123,999999,999999,999999,999999,999999,999999,999999,999999,999999,202,999999,999999,73,115,52,999999,999999,999999,999999,999999,999999,999999,999999,999999,999999,999999,999999,999999,999999,999999,999999,999999,999999,999999,1399,293,217,191,157,106,225,164,289,999999,238,26,181,261,36,999999,19,999999,999999,999999,999999,68,999999,999999,999999,127,999999,999999,2823,129,999999,297,1216,1726,144,103,238,167,250,1444,999999,999999,999999,999999,999999,999999,999999,39,999999,42,999999,999999,291,67,122,222
56,999999,999999,999999,999999,409,446,13,999999,999999,13,294,999999,999999,999999,999999,9,999999,999999,999999,999999,999999,999999,999999,999999,999999,999999,95,999999,999999,999999,999999,999999,999999,999999,999999,999999,999999,999999,257,999999,999999,999999,999999,999999,999999,999999,999999,203,999999,66,999999,999999,304,253,183,130,126,999999,253,156,999999,55,100,12,70,507,999999,999999,999999,999999,999999,999999,101,999999,999999,101,106,999999,999999,999999,999999,999999,53,999999,999999,80,999999,220,432,264,150,999999,999999,999999,999999,78,999999,147,999999,358,272,52,999999,999999,98,170,339
57,999999,999999,999999,999999,235,999999,1582,999999,133,408,26,999999,999999,999999,999999,999999,146,103,999999,999999,999999,999999,999999,999999,999999,999999,999999,999999,999999,168,59,74,999999,999999,999999,999999,999999,999999,999999,999999,999999,999999,999999,999999,999999,999999,999999,999999,999999,999999,999999,124,443,434,155,215,77,37,198,147,999999,147,130,108,454,186,999999,999999,999999,999999,999999,999999,999999,999999,999999,999999,177,999999,999999,999999,999999,999999,79,186,999999,168,339,318,356,279,143,999999,999999,999999,999999,35,999999,999999,999999,999999,22,999999,999999,368,87,301,150
58,999999,999999,999999,999999,999999,999999,999999,999999,999999,999999,999999,999999,999999,999999,999999,999999,999999,999999,999999,999999,999999,999999,999999,999999,999999,999999,999999,999999,999999,999999,999999,999999,999999,999999,999999,65,999999,999999,999999,999999,999999,999999,54,999999,999999,999999,999999,999999,999999,999999,999999,999999,999999,999999,999999,999999,999999,999999,999999,22,18,999999,999999,999999,999999,999999,25,39,999999,9,999999,999999,999999,999999,999999,999999,999999,999999,999999,999999,999999,999999,999999,999999,999999,999999,999999,999999,999999,999999,999999,999999,999999,999999,999999,999999,999999,999999,999999,999999,999999,999999,999999,999999,999999,999999,999999
59,999999,16,24,999999,25,999999,999999,999999,999999,999999,52,46,58,999999,142,999999,999999,999999,66,999999,999999,999999,999999,999999,198,999999,13,124,999999,51,16,21,999999,999999,999999,999999,999999,999999,999999,999999,999999,999999,999999,999999,999999,999999,999999,999999,999999,64,999999,92,999999,76,34,48,501,999999,32,999999,999999,97,657,999999,999999,36,999999,55,26,17,999999,7,999999,999999,16,49,40,999999,12,88,16,40,999999,72,21,69,57,76,999999,1054,5,100,999999,999999,256,36,154,999999,16,159,999999,999999,999999,2201,31,59,8
60,999999,999999,999999,999999,999999,999999,999999,87,999999,999999,999999,999999,999999,999999,999999,999999,999999,999999,999999,999999,999999,999999,999999,999999,999999,999999,999999,999999,999999,999999,999999,999999,999999,999999,999999,999999,999999,999999,999999,999999,999999,999999,999999,999999,999999,999999,999999,999999,999999,999999,999999,999999,999999,999999,999999,999999,999999,999999,999999,999999,999999,999999,999999,999999,999999,999999,999999,999999,999999,999999,999999,999999,999999,999999,999999,999999,999999,153,999999,999999,999999,999999,999999,999999,999999,999999,999999,999999,999999,999999,999999,999999,999999,999999,999999,999999,999999,999999,999999,999999,999999,999999,999999,999999,999999,999999,999999
61,999999,999999,999999,999999,999999,999999,999999,999999,999999,999999,999999,999999,999999,999999,999999,999999,999999,999999,999999,999999,999999,999999,999999,999999,999999,999999,999999,999999,999999,999999,999999,999999,999999,999999,999999,999999,333,106,101,96,999999,999999,999999,999999,999999,227,66,999999,89,329,999999,999999,47,999999,486,999999,999999,999999,999999,999999,999999,999999,999999,999999,999999,999999,999999,999999,999999,999999,999999,86,999999,999999,999999,999999,84,999999,999999,999999,999999,999999,1021,318,999999,42,999999,999999,999999,999999,999999,999999,999999,999999,999999,999999,999999,999999,999999,999999,999999,156,76,148,999999,634,999999
62,999999,999999,999999,999999,29,999999,48,999999,999999,14,287,999999,999999,999999,1415,999999,999999,999999,999999,999999,999999,999999,999999,999999,999999,999999,581,999999,999999,815,116,142,999999,999999,999999,999999,999999,999999,999999,1518,999999,999999,999999,999999,999999,999999,999999,999999,999999,28,999999,999999,108,159,136,81,452,1324,98,1028,999999,204,299,389,55,433,999999,999999,999999,999999,999999,999999,38,999999,999999,999999,204,999999,999999,999999,999999,999999,89,999999,999999,199,262,330,85,88,171,999999,999999,999999,999999,999999,999999,18,999999,1307,348,999999,999999,999999,2795,148,143
63,999999,999999,999999,999999,40,158,999999,999999,81,99,256,999999,999999,999999,999999,999999,999999,999999,999999,999999,999999,999999,999999,999999,999999,999999,52,999999,999999,240,56,71,999999,999999,999999,999999,999999,999999,999999,999999,999999,999999,999999,999999,999999,999999,999999,5,999999,999999,999999,999999,277,232,166,46,399,182,172,246,999999,157,325,95,32,333,999999,999999,999999,999999,999999,999999,217,999999,999999,999999,153,999999,179,999999,470,999999,149,999999,999999,180,999999,156,144,62,268,999999,999999,999999,999999,52,999999,999999,999999,999999,999999,999999,999999,999999,173,169,353
64,999999,999999,999999,999999,257,40,999999,999999,999999,22,156,999999,999999,999999,999999,999999,999999,999999,999999,999999,999999,999999,999999,999999,5,999999,237,999999,999999,70,27,169,999999,999999,999999,999999,999999,999999,999999,999999,999999,999999,999999,999999,999999,999999,999999,999999,999999,999999,999999,999999,50,173,229,52,216,999999,169,12,999999,150,96,88,296,183,999999,999999,999999,999999,999999,999999,145,999999,999999,999999,129,999999,999999,999999,511,999999,32,150,999999,95,290,25,482,75,114,999999,999999,999999,999999,999999,483,999999,68,20,93,999999,999999,53,103,82,42
65,999999,999999,999999,999999,999999,999999,999999,999999,999999,999999,999999,999999,999999,999999,999999,999999,999999,999999,999999,399,999999,999999,999999,999999,999999,999999,999999,999999,999999,999999,999999,999999,999999,999999,999999,999999,999999,999999,999999,999999,999999,999999,999999,999999,999999,999999,999999,999999,999999,999999,999999,999999,999999,999999,999999,999999,999999,999999,999999,999999,999999,999999,999999,999999,999999,999999,999999,999999,999999,999999,999999,999999,999999,999999,999999,999999,999999,999999,999999,999999,999999,999999,999999,999999,999999,999999,999999,999999,999999,999999,999999,999999,999999,999999,999999,999999,999999,999999,999999,999999,999999,999999,999999,999999,999999,999999,999999
66,999999,999999,999999,999999,999999,999999,999999,999999,999999,999999,999999,999999,999999,999999,999999,999999,999999,999999,999999,999999,999999,999999,999999,999999,999999,219,999999,999999,999999,999999,999999,999999,999999,999999,999999,999999,999999,999999,999999,999999,37,34,999999,999999,999999,999999,999999,999999,999999,999999,999999,999999,999999,999999,999999,999999,999999,999999,999999,999999,999999,999999,999999,999999,999999,999999,999999,999999,999999,999999,999999,999999,999999,999999,999999,999999,999999,999999,999999,999999,999999,999999,999999,999999,999999,999999,999999,999999,999999,999999,999999,999999,999999,999999,999999,999999,999999,999999,999999,999999,999999,999999,999999,999999,999999,999999,999999
67,999999,999999,999999,999999,102,316,999999,999999,999999,161,32,999999,999999,999999,999999,999999,999999,999999,999999,999999,999999,999999,999999,999999,999999,999999,19,999999,999999,151,98,354,999999,999999,999999,999999,999999,999999,999999,999999,999999,999999,999999,999999,999999,999999,999999,999999,999999,999999,999999,999999,154,20,198,231,197,47,186,450,999999,233,70,224,999999,129,999999,999999,999999,999999,999999,999999,999999,999999,999999,127,158,999999,999999,999999,999999,999999,50,999999,999999,135,53,51,389,305,23,999999,999999,999999,999999,13,999999,999999,999999,999999,648,999999,999999,999999,181,127,238
68,999999,14,29,999999,48,999999,999999,999999,999999,999999,8,32,30,999999,49,999999,999999,12,92,999999,999999,999999,999999,999999,999999,999999,999999,30,999999,999999,277,999999,999999,37,999999,999999,999999,999999,27,999999,999999,999999,999999,999999,55,999999,999999,999999,999999,18,999999,33,16,496,999999,8,210,999999,637,999999,999999,14,53,126,19,38,999999,999999,24,79,999999,999999,999999,999999,13,11,46,999999,779,32,31,16,999999,16,59,14,498,196,108,112,438,999999,999999,43,111,38,186,999999,213,34,721,33,999999,999999,17,39,67
69,999999,1059,999999,999999,999999,999999,999999,999999,41,79,82,999999,999999,999999,205,999999,999999,999999,999999,999999,999999,999999,999999,999999,999999,999999,1228,999999,999999,999999,999999,999999,999999,999999,999999,999999,999999,999999,999999,999999,999999,999999,999999,999999,999999,999999,999999,999999,999999,999999,999999,20,999999,999999,999999,999999,999999,999999,999999,999999,999999,999999,999999,999999,999999,999999,999999,999999,999999,66,73,999999,9,999999,999999,999999,14,999999,999999,999999,169,999999,999999,646,86,52,63,125,999999,59,999999,999999,999999,168,999999,59,999999,999999,999999,999999,999999,999999,999999,999999,999999,30,999999
70,999999,7,60,999999,105,27,999999,999999,999999,999999,24,144,16,999999,80,54,40,61,56,999999,999999,999999,999999,999999,999999,999999,5,12,9,999999,999999,6,999999,999999,999999,999999,999999,999999,999999,49,999999,999999,999999,999999,999999,999999,999999,999999,999999,22,999999,48,21,45,6,999999,1417,1226,999999,999999,999999,999999,999999,9,999999,29,999999,999999,31,999999,999999,999999,999999,999999,20,71,54,999999,101,16,34,7,39,99,28,38,28,114,999999,13,999999,381,999999,12,20,37,15,999999,54,51,999999,999999,999999,999999,41,14,106
71,999999,999999,999999,208,999999,999999,999999,999999,999999,999999,999999,999999,999999,999999,999999,484,101,95,999999,999999,999999,999999,999999,999999,999999,999999,126,999999,168,999999,999999,999999,999999,297,999999,999999,999999,999999,999999,999999,999999,999999,122,109,184,999999,999999,999999,999999,999999,999999,999999,999999,74,999999,999999,999999,999999,999999,999999,999999,999999,999999,999999,999999,999999,114,119,172,145,20,999999,999999,172,118,999999,1228,999999,999999,999999,999999,999999,999999,999999,168,999999,999999,999999,999999,999999,999999,999999,999999,999999,999999,999999,999999,999999,999999,999999,999999,999999,999999,999999,432,122,999999
72,999999,999999,999999,999999,196,195,999999,999999,418,132,380,999999,999999,999999,999999,999999,999999,417,999999,999999,999999,999999,999999,999999,14,999999,1169,999999,999999,103,1132,436,999999,1174,999999,999999,999999,999999,999999,999999,999999,999999,999999,999999,999999,999999,999999,999999,999999,81,999999,177,209,163,196,423,147,233,168,151,999999,181,257,393,120,175,999999,999999,999999,222,999999,1722,887,999999,999999,47,263,999999,999999,91,1954,999999,49,999999,442,226,2498,410,222,210,62,999999,999999,999999,999999,154,999999,999999,999999,999999,237,999999,999999,999999,264,323,449
73,999999,999999,999999,99,999999,999999,999999,999999,999999,264,212,999999,999999,999999,999999,999999,134,134,999999,999999,999999,999999,999999,999999,999999,999999,999999,999999,280,286,999999,999999,999999,78,999999,999999,999999,999999,999999,999999,999999,999999,85,61,110,999999,999999,999999,999999,999999,999999,859,999999,999999,23,999999,999999,999999,999999,7,999999,999999,999999,999999,999999,999999,71,137,166,98,101,999999,999999,284,126,999999,63,999999,999999,999999,999999,999999,999999,999999,999999,999999,999999,999999,999999,16,999999,999999,999999,999999,999999,999999,999999,999999,999999,999999,999999,999999,999999,999999,999999,10,7
74,999999,999999,999999,999999,999999,999999,999999,999999,999999,999999,999999,999999,999999,999999,999999,999999,999999,999999,999999,999999,999999,999999,999999,999999,999999,62,999999,999999,999999,999999,999999,999999,999999,999999,999999,999999,111,171,165,211,999999,999999,999999,999999,999999,80,129,999999,397,49,999999,303,999999,999999,999999,999999,999999,999999,999999,999999,999999,91,999999,999999,999999,999999,999999,999999,999999,999999,999999,119,999999,999999,999999,999999,254,999999,999999,999999,999999,999999,999999,999999,492,999999,999999,999999,999999,999999,999999,999999,999999,999999,999999,5,999999,999999,999999,999999,999999,173,265,115,999999,43,999999
75,999999,999999,999999,999999,999999,203,1070,999999,81,108,81,999999,999999,999999,999999,999999,999999,999999,999999,999999,999999,999999,999999,999999,999999,999999,999999,999999,999999,999999,999999,999999,999999,999999,999999,999999,999999,999999,999999,999999,999999,999999,999999,999999,999999,999999,999999,999999,999999,999999,999999,40,999999,999999,999999,999999,999999,999999,999999,999999,999999,999999,999999,999999,999999,999999,999999,417,116,999999,999999,999999,27,999999,999999,999999,556,97,999999,999999,999999,999999,999999,59,279,2772,113,20,999999,151,999999,999999,999999,999999,999999,192,999999,999999,999999,999999,999999,999999,999999,999999,999999,88,999999
76,999999,999999,999999,999999,50,999999,999999,999999,515,999999,146,999999,999999,999999,999999,999999,999999,1203,400,999999,999999,999999,999999,999999,999999,999999,147,999999,999999,550,108,43,999999,999999,999999,999999,999999,999999,999999,999999,999999,999999,999999,999999,999999,999999,999999,999999,999999,999999,999999,999999,252,289,499,269,21,148,70,999999,999999,435,82,763,999999,999999,999999,999999,999999,999999,999999,999999,999999,999999,999999,999999,177,999999,999999,999999,999999,999999,999999,999999,19,235,999999,106,207,664,81,999999,999999,999999,999999,999999,999999,999999,999999,999999,255,999999,999999,44,35,114,377
77,999999,999999,999999,999999,228,999999,48,999999,999999,150,166,999999,999999,999999,999999,999999,999999,999999,999999,999999,999999,999999,999999,999999,999999,999999,1004,999999,999999,235,46,152,999999,999999,999999,999999,999999,999999,999999,999999,999999,999999,999999,999999,999999,999999,999999,999999,999999,999999,999999,999999,80,56,184,87,156,171,165,251,999999,101,75,437,272,999999,999999,999999,999999,999999,999999,999999,999999,999999,999999,134,145,999999,999999,999999,999999,999999,999999,999999,999999,170,999999,2527,125,230,468,999999,999999,999999,999999,33,2456,999999,376,999999,999999,999999,999999,999999,224,118,438
78,999999,999999,999999,999999,91,999999,999999,999999,27,137,367,999999,999999,15,650,999999,999999,999999,999999,999999,999999,999999,999999,999999,34,999999,318,999999,999999,1573,254,101,999999,999999,999999,999999,999999,999999,999999,999999,999999,999999,999999,999999,999999,999999,999999,999999,999999,999999,999999,999999,179,235,341,233,333,97,165,226,999999,246,65,503,24,999999,999999,24,999999,999999,999999,999999,296,999999,999999,76,150,999999,999999,999999,999999,999999,114,999999,999999,205,999999,497,133,286,109,999999,999999,999999,999999,999999,999999,999999,88,999999,329,289,999999,194,55,236,421
79,999999,999999,999999,999999,999999,999999,999999,5,999999,999999,999999,999999,999999,999999,999999,999999,999999,999999,999999,999999,999999,999999,999999,999999,999999,999999,999999,999999,999999,999999,999999,999999,999999,999999,999999,999999,999999,999999,999999,999999,207,999999,999999,999999,999999,999999,999999,999999,999999,999999,999999,999999,999999,999999,999999,999999,999999,999999,999999,999999,999999,999999,999999,999999,999999,999999,999999,999999,999999,999999,999999,999999,999999,999999,999999,999999,999999,999999,999999,999999,999999,999999,999999,999999,999999,999999,999999,999999,999999,999999,999999,999999,999999,999999,999999,999999,999999,999999,999999,999999,999999,999999,999999,999999,999999,999999,999999
80,999999,999999,999999,999999,36,344,999999,999999,15,999999,105,999999,999999,999999,7,999999,84,999999,999999,999999,999999,999999,999999,999999,999999,999999,295,999999,999999,999999,999999,20,999999,999999,999999,999999,999999,999999,999999,999999,999999,999999,999999,999999,999999,999999,102,999999,999999,999999,77,423,16,112,124,35,127,999999,49,33,999999,72,226,65,21,199,999999,999999,999999,999999,39,999999,173,999999,999999,999999,77,999999,999999,999999,50,999999,404,999999,999999,89,999999,255,34,214,7,999999,999999,999999,999999,8,999999,999999,999999,999999,52,999999,31,999999,262,83,106
81,999999,999999,999999,999999,999999,999999,56,999999,999999,999999,20,999999,999999,999999,999999,999999,999999,1284,999999,999999,142,999999,210,268,185,999999,999999,999999,999999,999999,999999,999999,999999,1332,41,999999,999999,999999,999999,999999,999999,999999,999999,999999,999999,999999,999999,999999,999999,999999,999999,84,999999,999999,999999,999999,999999,999999,999999,999999,999999,999999,999999,999999,999999,999999,999999,999999,999999,999999,999999,999999,999999,999999,999999,999999,20,999999,25,999999,216,999999,999999,999999,42,52,36,999999,999999,219,999999,421,999999,999999,999999,999999,167,999999,999999,1424,999999,999999,999999,999999,999999,36,999999
82,999999,999999,999999,999999,59,353,999999,999999,999999,1116,35,999999,999999,999999,999999,473,999999,999999,999999,999999,999999,999999,999999,999999,999999,999999,980,999999,999999,1194,69,144,999999,999999,999999,999999,29,999999,999999,999999,999999,999999,999999,999999,999999,999999,999999,999999,999999,999999,999999,999999,405,250,114,99,64,1179,111,999999,999999,80,164,327,399,471,999999,999999,999999,658,999999,999999,411,999999,999999,26,101,999999,333,999999,999999,999999,140,999999,393,147,227,55,1083,331,434,999999,999999,999999,999999,999999,999999,999999,999999,999999,999999,999999,999999,999999,122,98,241
83,999999,999999,999999,999999,999999,999999,999999,999999,999999,999999,999999,999999,999999,999999,999999,999999,999999,999999,999999,999999,999999,999999,999999,999999,999999,999999,999999,999999,999999,999999,999999,999999,999999,999999,999999,999999,181,449,542,674,999999,999999,999999,999999,999999,285,865,999999,699,244,999999,256,999999,999999,999999,999999,999999,999999,999999,999999,999999,999999,999999,999999,999999,999999,999999,1303,999999,999999,999999,378,251,999999,999999,999999,225,999999,1168,999999,999999,999999,999999,999999,248,999999,999999,999999,999999,999999,999999,999999,999999,42,999999,453,999999,999999,999999,999999,999999,700,880,139,999999,999999,1128
84,999999,999999,999999,151,999999,999999,999999,999999,999999,999999,7,999999,999999,999999,999999,150,87,133,999999,999999,999999,999999,999999,999999,999999,999999,999999,999999,110,999999,999999,999999,999999,171,999999,999999,999999,999999,999999,999999,999999,999999,59,111,118,999999,999999,999999,999999,999999,999999,999999,999999,999999,424,999999,999999,999999,479,999999,999999,27,999999,999999,999999,999999,156,84,255,159,21,999999,999999,107,303,999999,63,999999,999999,999999,999999,999999,999999,999999,999999,25,999999,999999,999999,999999,999999,999999,999999,999999,999999,999999,999999,999999,999999,999999,999999,999999,999999,999999,999999,9,999999
85,999999,56,115,999999,999999,999999,999999,999999,999999,19,82,999999,999999,999999,117,999999,97,79,13,999999,999999,999999,999999,999999,999999,999999,16,42,999999,88,236,999999,999999,82,999999,999999,999999,999999,999999,999999,999999,999999,128,999999,100,999999,999999,999999,999999,1421,999999,88,68,224,58,40,20,115,813,999999,61,171,999999,999999,999999,128,999999,999999,999999,999999,999999,999999,999999,24,999999,999999,65,999999,81,108,83,16,999999,171,86,62,78,105,883,91,999999,999999,999999,60,136,119,152,108,143,117,62,999999,999999,999999,181,45,51
86,999999,999999,999999,999999,999999,999999,999999,23,999999,999999,999999,999999,999999,999999,999999,999999,999999,999999,999999,15,999999,999999,999999,999999,999999,999999,999999,999999,999999,999999,999999,999999,999999,999999,999999,999999,999999,999999,999999,999999,42,86,999999,999999,999999,999999,999999,999999,999999,999999,999999,999999,999999,999999,999999,999999,999999,999999,999999,999999,999999,999999,999999,999999,999999,999999,999999,999999,999999,999999,999999,999999,999999,999999,999999,999999,999999,194,999999,999999,999999,999999,999999,999999,999999,999999,999999,999999,999999,999999,999999,999999,999999,999999,999999,999999,999999,999999,999999,999999,999999,999999,999999,999999,999999,999999,999999
87,999999,999999,999999,168,999999,73,999999,999999,193,60,91,999999,999999,999999,999999,999999,106,84,999999,999999,999999,999999,999999,999999,999999,999999,999999,999999,156,999999,999999,999999,999999,152,999999,999999,999999,999999,999999,999999,999999,999999,98,230,89,999999,999999,999999,999999,999999,999999,999999,25,999999,999999,999999,999999,999999,32,999999,999999,999999,999999,999999,999999,999999,66,95,47,94,79,999999,999999,189,172,999999,939,999999,999999,999999,999999,999999,999999,999999,999999,65,999999,999999,999999,182,999999,999999,999999,999999,999999,999999,999999,999999,999999,999999,999999,999999,999999,999999,999999,999999,999999
88,999999,27,999999,999999,14,999999,999999,999999,999999,273,999999,30,36,999999,37,999999,125,7,159,999999,999999,999999,999999,999999,999999,999999,999999,59,999999,40,16,24,999999,999999,999999,999999,999999,999999,6,101,999999,999999,999999,126,999999,999999,999999,37,999999,16,999999,106,9,999999,108,40,19,999999,999999,999999,999999,999999,29,14,78,43,999999,70,26,614,10,999999,47,999999,21,26,52,999999,27,18,173,35,999999,32,80,37,734,999999,999999,999999,999999,999999,999999,16,7,23,256,999999,582,20,66,999999,999999,999999,93,124,53
89,999999,11,999999,999999,28,999999,999999,999999,999999,15,24,73,29,999999,153,999999,999999,999999,66,999999,999999,999999,999999,999999,999999,999999,999999,26,999999,9,999999,80,999999,999999,999999,999999,999999,999999,999999,56,999999,999999,33,999999,999999,999999,999999,35,999999,33,999999,30,999999,25,151,999999,999999,999999,17,999999,999999,999999,21,119,999999,36,999999,1775,53,999999,999999,24,238,999999,84,513,20,999999,10,1387,12,10,999999,6,35,12,129,999999,999999,5,999999,1914,999999,118,80,34,103,999999,17,130,999999,999999,999999,999999,23,999999,17
90,999999,999999,999999,999999,999999,999999,999999,999999,999999,999999,999999,999999,999999,999999,999999,999999,999999,999999,999999,999999,999999,999999,999999,999999,999999,999999,999999,999999,999999,999999,999999,999999,999999,999999,999999,999999,999999,999999,999999,999999,234,1157,999999,999999,999999,999999,999999,999999,999999,999999,999999,999999,999999,999999,999999,999999,999999,999999,999999,999999,999999,999999,999999,999999,999999,999999,999999,999999,999999,999999,999999,999999,999999,999999,999999,999999,999999,999999,999999,999999,999999,999999,999999,999999,999999,999999,999999,999999,999999,999999,999999,999999,999999,999999,999999,999999,999999,999999,999999,999999,999999,999999,999999,999999,999999,999999,999999
91,999999,14,17,64,13,999999,999999,999999,999999,999999,15,53,85,999999,89,999999,999999,999999,57,999999,999999,999999,999999,999999,999999,73,999999,6,999999,45,840,40,999999,999999,999999,999999,999999,999999,8,7,999999,999999,999999,20,76,999999,999999,1232,999999,12,999999,56,999999,41,999999,41,47,999999,999999,999999,999999,84,23,17,19,43,999999,999999,164,92,999999,999999,999999,999999,17,23,29,999999,30,21,10,29,999999,23,54,28,63,999999,88,17,15,89,11,89,56,46,74,999999,47,19,999999,999999,999999,999999,64,922,20
92,999999,7,34,21,60,999999,164,999999,999999,18,58,64,21,999999,11,33,999999,999999,39,999999,999999,999999,999999,999999,999999,999999,999999,12,999999,12,999999,999999,999999,999999,999999,999999,999999,999999,6,73,999999,999999,999999,999999,999999,999999,999999,57,999999,50,33,41,999999,17,999999,80,999999,999999,999999,999999,999999,999999,999999,553,6,15,999999,999999,63,13,999999,999999,999999,999999,61,23,36,999999,25,999999,37,31,999999,35,16,22,159,60,999999,9,999999,999999,999999,28,999999,38,999999,999999,1182,45,999999,999999,999999,11,14,47,24
93,999999,999999,999999,999999,999999,999999,999999,999999,999999,999999,999999,999999,999999,999999,999999,999999,999999,999999,999999,999999,999999,999999,999999,999999,999999,999999,999999,999999,999999,999999,999999,999999,999999,999999,999999,999999,999999,999999,999999,999999,27,999999,999999,999999,999999,999999,999999,999999,999999,999999,999999,999999,999999,999999,999999,999999,999999,999999,999999,999999,999999,999999,999999,999999,999999,999999,999999,999999,999999,999999,999999,999999,999999,999999,999999,999999,999999,999999,999999,999999,999999,999999,999999,999999,999999,999999,999999,999999,999999,999999,999999,999999,999999,999999,999999,999999,999999,999999,999999,999999,999999,999999,999999,999999,999999,999999,999999
94,999999,999999,999999,999999,124,28,999999,999999,999999,275,16,999999,999999,999999,999999,999999,39,15,999999,999999,999999,999999,999999,999999,999999,999999,123,999999,999999,90,163,821,999999,999999,999999,999999,999999,999999,999999,999999,999999,999999,999999,999999,999999,999999,999999,999999,999999,999999,17,999999,204,109,24,35,221,63,127,199,999999,219,27,416,127,15,999999,999999,999999,999999,999999,999999,59,999999,999999,118,123,999999,999999,999999,22,999999,607,999999,999999,116,447,484,180,94,155,999999,999999,999999,999999,1321,999999,999999,999999,999999,82,999999,999999,999999,53,91,36
95,221,999999,999999,999999,31,486,999999,999999,41,37,110,999999,999999,999999,999999,999999,999999,999999,999999,999999,999999,999999,999999,999999,999999,999999,134,999999,999999,9,218,142,999999,999999,999999,999999,999999,999999,999999,999999,999999,999999,999999,999999,999999,999999,999999,999999,999999,999999,999999,81,225,108,355,542,165,999999,366,162,999999,322,120,239,129,1671,999999,999999,999999,999999,999999,999999,999999,233,999999,999999,153,999999,999999,999999,999999,999999,999999,999999,999999,163,295,1005,699,363,999999,999999,999999,999999,999999,1044,999999,999999,999999,999999,212,999999,999999,999999,386,208,133
96,999999,999999,999999,999999,67,480,999999,999999,999999,501,147,999999,999999,999999,999999,999999,999999,999999,999999,999999,999999,999999,999999,999999,999999,999999,273,999999,999999,368,350,492,999999,999999,999999,999999,999999,999999,999999,999999,999999,999999,999999,999999,999999,999999,999999,999999,999999,999999,70,575,906,256,505,115,194,35,372,212,999999,211,245,152,300,45,999999,483,999999,496,999999,999999,999999,999999,999999,999999,369,999999,532,999999,999999,999999,616,999999,999999,233,1382,462,286,194,198,999999,999999,1720,999999,45,999999,999999,999999,999999,959,999999,999999,999999,437,227,405
97,999999,31,9,999999,999999,999999,398,999999,13,73,741,453,45,999999,56,17,999999,63,154,999999,999999,999999,999999,999999,999999,999999,155,35,1265,320,23,55,999999,999999,999999,999999,999999,999999,15,1201,999999,999999,999999,999999,999999,999999,999999,999999,999999,94,999999,75,999999,24,15,408,999999,999999,999999,999999,999999,168,999999,77,999999,75,999999,999999,253,222,999999,999999,146,999999,709,44,93,999999,48,66,53,33,999999,88,80,96,96,1009,999999,999999,999999,110,999999,97,1143,77,42,7,98,925,999999,120,916,24,109,51,225
98,999999,999999,999999,999999,999999,999999,999999,999999,999999,999999,999999,999999,999999,999999,999999,999999,999999,999999,999999,999999,999999,999999,999999,999999,999999,999999,999999,999999,999999,999999,999999,999999,999999,999999,999999,999999,999999,999999,999999,999999,999999,383,999999,999999,999999,999999,999999,999999,999999,999999,999999,999999,999999,999999,999999,999999,999999,999999,999999,999999,999999,999999,999999,999999,999999,999999,999999,999999,999999,999999,999999,999999,999999,999999,999999,999999,999999,999999,999999,999999,999999,999999,999999,999999,999999,999999,999999,999999,999999,999999,999999,999999,999999,999999,999999,999999,999999,999999,999999,999999,999999,999999,999999,999999,999999,999999,999999
99,999999,999999,999999,999999,999999,999999,999999,216,999999,999999,999999,999999,999999,999999,999999,999999,999999,999999,999999,999999,999999,999999,999999,999999,999999,999999,999999,999999,999999,999999,999999,999999,999999,999999,999999,999999,999999,999999,999999,999999,999999,999999,999999,999999,999999,999999,999999,999999,999999,999999,999999,999999,999999,999999,999999,999999,999999,999999,999999,999999,999999,999999,999999,999999,999999,999999,999999,999999,999999,999999,999999,999999,999999,999999,999999,999999,999999,999999,999999,999999,999999,999999,999999,999999,999999,999999,999999,999999,999999,999999,999999,999999,999999,999999,999999,999999,999999,999999,999999,999999,999999,999999,999999,999999,999999,999999,999999
100,999999,999999,999999,999999,999999,999999,999999,999999,999999,999999,999999,999999,999999,999999,999999,999999,999999,999999,999999,999999,999999,999999,999999,999999,999999,999999,999999,999999,999999,999999,999999,999999,999999,999999,999999,999999,999999,999999,999999,999999,626,999999,999999,999999,999999,999999,999999,999999,999999,999999,999999,999999,999999,999999,999999,999999,999999,999999,999999,999999,999999,999999,999999,999999,999999,999999,999999,999999,999999,999999,999999,999999,999999,999999,999999,999999,999999,999999,999999,999999,999999,999999,999999,999999,999999,999999,999999,999999,999999,999999,999999,999999,999999,999999,999999,999999,999999,999999,999999,999999,999999,999999,999999,999999,999999,999999,999999
101,999999,9,55,999999,33,999999,999999,999999,999999,999999,12,47,50,999999,15,64,31,999999,49,999999,999999,999999,999999,999999,999999,999999,999999,19,999999,10,548,999999,999999,999999,999999,999999,999999,999999,999999,999999,999999,999999,999999,999999,999999,999999,999999,999999,999999,23,999999,21,174,22,98,999999,185,999999,999999,999999,999999,999999,5,9,9,50,999999,999999,34,91,42,999999,999999,999999,10,38,24,999999,688,27,85,19,11,40,67,31,49,45,19,24,999999,276,99,32,999999,21,63,999999,11,18,25,999999,999999,999999,22,24,1431
102,999999,999999,999999,999999,49,336,999999,999999,999999,20,6,999999,999999,999999,999999,999999,999999,999999,999999,999999,999999,999999,999999,999999,999999,999999,79,999999,999999,999999,9,17,999999,999999,999999,999999,999999,999999,999999,999999,999999,999999,1449,999999,999999,999999,999999,999999,999999,424,999999,180,33,54,266,31,29,999999,216,184,999999,83,287,145,195,236,999999,999999,999999,999999,999999,999999,95,999999,999999,73,78,999999,999999,999999,999999,999999,316,999999,125,157,999999,999999,365,214,118,999999,999999,999999,999999,999999,999999,999999,999999,999999,202,999999,999999,999999,72,174,90
103,999999,999999,999999,999999,999999,999999,999999,83,999999,999999,999999,999999,999999,999999,999999,999999,999999,999999,999999,72,999999,999999,999999,999999,999999,999999,999999,999999,999999,999999,999999,999999,521,999999,999999,999999,999999,999999,999999,999999,224,999999,999999,999999,999999,999999,999999,999999,999999,999999,999999,999999,999999,999999,999999,999999,999999,999999,999999,999999,999999,999999,999999,999999,999999,999999,999999,999999,999999,999999,999999,999999,999999,999999,999999,999999,999999,999999,999999,999999,999999,999999,999999,999999,999999,999999,999999,999999,999999,999999,999999,999999,999999,999999,999999,999999,999999,999999,999999,999999,999999,999999,999999,999999,999999,999999,999999
104,999999,999999,999999,999999,999999,999999,999999,55,999999,999999,999999,999999,999999,999999,999999,999999,999999,999999,999999,999999,999999,999999,999999,999999,999999,999999,999999,999999,999999,999999,999999,999999,999999,999999,999999,999999,999999,999999,999999,999999,999999,999999,999999,999999,999999,999999,999999,999999,999999,999999,999999,999999,999999,999999,999999,999999,999999,999999,999999,999999,999999,999999,999999,999999,999999,999999,999999,999999,999999,999999,999999,999999,999999,999999,999999,999999,999999,999999,999999,999999,999999,999999,999999,999999,999999,999999,999999,999999,999999,999999,999999,999999,999999,999999,999999,999999,999999,999999,999999,999999,999999,999999,999999,999999,999999,999999,999999
105,999999,999999,999999,262,311,999999,999999,999999,999999,999999,40,999999,999999,999999,999999,999999,88,270,999999,999999,999999,999999,999999,999999,999999,999999,999999,999999,109,1789,999999,999999,999999,329,999999,999999,999999,999999,999999,999999,999999,999999,131,156,49,999999,999999,999999,999999,999999,999999,999999,999999,999999,999999,999999,999999,999999,999999,338,999999,999999,999999,169,999999,999999,226,123,366,131,96,999999,999999,320,273,999999,276,999999,999999,999999,999999,999999,999999,999999,113,67,999999,999999,999999,215,999999,999999,999999,999999,999999,999999,999999,999999,999999,999999,150,999999,999999,999999,999999,37,999999
106,999999,999999,999999,999999,999999,999999,999999,999999,999999,999999,999999,999999,999999,772,999999,999999,999999,999999,999999,999999,999999,148,999999,999999,999999,999999,999999,999999,999999,999999,999999,999999,999999,999999,999999,999999,999999,999999,999999,999999,999999,999999,999999,999999,999999,999999,999999,999999,999999,999999,999999,999999,999999,999999,999999,999999,999999,999999,999999,999999,999999,999999,999999,999999,999999,999999,999999,999999,999999,999999,999999,999999,999999,999999,999999,999999,999999,267,999999,999999,999999,999999,999999,999999,999999,999999,999999,999999,999999,999999,999999,999999,999999,999999,999999,999999,999999,999999,999999,999999,999999,999999,999999,999999,999999,999999,999999
107,999999,139,999999,999999,9,999999,999999,999999,999999,999999,822,40,26,999999,7,999999,105,999999,30,999999,999999,999999,999999,999999,999999,999999,999999,25,999999,999999,999999,999999,999999,999999,999999,999999,999999,999999,999999,999999,999999,999999,999999,999999,999999,999999,999999,999999,999999,16,999999,15,7,657,1431,22,999999,999999,999999,999999,999999,999999,16,224,999999,24,999999,999999,49,53,999999,999999,5,999999,34,18,18,999999,9,999999,48,20,999999,40,25,21,5,999999,999999,7,999999,999999,999999,37,19,29,26,920,999999,777,13,999999,999999,999999,38,32,13
108,251,547,999999,999999,72,999999,999999,999999,999999,210,283,999999,999999,999999,999999,999999,999999,999999,999999,999999,999999,999999,999999,999999,999999,999999,445,999999,999999,88,53,1372,999999,999999,999999,999999,999999,999999,999999,999999,999999,999999,999999,999999,999999,999999,999999,999999,999999,999999,999999,7,81,44,264,188,253,184,164,999999,999999,93,301,168,496,100,999999,999999,999999,999999,999999,999999,231,999999,999999,999999,123,999999,101,999999,999999,999999,999999,999999,999999,135,999999,474,1191,223,391,999999,999999,999999,999999,31,999999,999999,999999,999999,30,999999,999999,999999,244,165,251
109,999999,69,999999,999999,155,325,999999,999999,999999,143,37,999999,999999,999999,999999,999999,999999,999999,999999,999999,999999,999999,999999,999999,999999,999999,185,999999,999999,94,49,128,999999,999999,999999,999999,999999,999999,1853,999999,999999,999999,999999,999999,999999,999999,999999,112,999999,999999,999999,999999,233,315,240,68,553,231,180,74,999999,193,75,345,368,999999,999999,999999,999999,999999,999999,999999,232,999999,999999,999999,222,999999,999999,999999,999999,999999,278,999999,999999,186,999999,358,205,261,41,999999,999999,999999,999999,61,999999,999999,507,999999,999999,999999,999999,999999,156,258,151
110,999999,999999,999999,999999,126,999999,999999,999999,999999,607,196,999999,999999,999999,999999,999999,999999,999999,999999,999999,999999,999999,999999,999999,999999,999999,705,999999,999999,108,163,192,999999,999999,999999,372,999999,999999,999999,999999,999999,999999,999999,999999,999999,999999,999999,999999,999999,999999,999999,999999,1178,54,14,47,388,529,349,999999,999999,238,1091,285,117,999999,999999,999999,999999,463,999999,999999,999999,999999,999999,999999,166,999999,999999,999999,999999,999999,26,105,999999,260,999999,965,294,273,481,999999,999999,999999,999999,999999,999999,999999,999999,999999,131,999999,999999,999999,1023,462,428
111,999999,999999,999999,999999,999999,999999,999999,999999,999999,999999,999999,999999,999999,846,999999,999999,999999,999999,999999,999999,999999,447,999999,999999,999999,999999,999999,999999,999999,999999,999999,999999,999999,999999,999999,999999,999999,999999,999999,999999,999999,999999,999999,999999,999999,999999,999999,999999,999999,999999,999999,999999,999999,999999,999999,999999,999999,999999,999999,999999,999999,999999,999999,999999,999999,999999,999999,999999,999999,999999,999999,999999,999999,999999,999999,999999,999999,999999,999999,999999,999999,999999,999999,999999,999999,999999,999999,999999,999999,999999,999999,999999,999999,999999,999999,999999,999999,999999,999999,999999,999999,999999,999999,999999,999999,999999,999999
112,999999,999999,999999,999999,999999,999999,999999,999999,999999,999999,999999,999999,999999,999999,999999,999999,999999,999999,999999,999999,999999,999999,999999,999999,999999,999999,999999,999999,999999,999999,999999,999999,999999,999999,999999,999999,999999,999999,999999,999999,999999,120,999999,999999,999999,999999,999999,999999,999999,999999,999999,999999,999999,999999,999999,999999,999999,999999,999999,999999,999999,999999,999999,999999,999999,999999,999999,999999,999999,999999,999999,999999,999999,999999,999999,999999,999999,999999,999999,999999,999999,999999,999999,999999,999999,999999,999999,999999,999999,999999,999999,999999,999999,999999,999999,999999,999999,999999,999999,999999,999999,999999,999999,999999,999999,999999,999999
113,999999,71,90,127,1057,999999,999999,999999,999999,999999,999999,123,100,999999,51,999999,1612,999999,117,999999,999999,999999,999999,999999,999999,999999,181,43,999999,134,999999,999999,999999,999999,999999,999999,999999,999999,999999,94,999999,999999,315,999999,999999,999999,999999,145,999999,45,999999,52,1616,43,60,13,40,999999,502,999999,999999,56,73,17,23,70,999999,999999,67,112,999999,999999,999999,999999,46,26,142,999999,91,39,187,192,999999,52,79,76,152,184,80,999999,105,999999,999999,122,288,89,116,999999,44,65,999999,999999,999999,999999,83,137,407
114,999999,999999,999999,999999,999999,999999,999999,999999,999999,999999,999999,999999,999999,999999,999999,999999,999999,999999,999999,457,999999,999999,999999,999999,999999,999999,999999,999999,999999,999999,999999,999999,999999,999999,999999,999999,999999,999999,999999,999999,224,999999,999999,999999,999999,999999,999999,999999,999999,999999,999999,999999,999999,999999,999999,999999,999999,999999,999999,999999,999999,999999,999999,999999,999999,999999,999999,999999,999999,999999,999999,999999,999999,999999,999999,999999,999999,63,999999,999999,999999,999999,999999,999999,999999,999999,999999,999999,999999,999999,999999,999999,999999,999999,999999,999999,999999,999999,999999,999999,999999,999999,999999,999999,999999,999999,999999
115,5,999999,999999,999999,389,999999,999999,999999,23,97,97,999999,999999,999999,999999,999999,999999,999999,999999,999999,999999,999999,999999,999999,999999,999999,213,999999,999999,103,116,384,999999,999999,999999,999999,999999,999999,999999,999999,999999,999999,999999,999999,999999,999999,999999,999999,999999,999999,999999,999999,105,238,162,212,248,999999,310,999999,999999,140,318,999999,22,337,999999,999999,999999,999999,999999,999999,309,999999,999999,1557,177,999999,435,999999,999999,999999,999999,999999,999999,300,326,1316,117,141,251,999999,999999,999999,999999,16,999999,999999,999999,999999,249,999999,999999,999999,322,176,229
116,999999,999999,999999,108,999999,999999,999999,999999,999999,999999,999999,999999,999999,999999,999999,999999,97,66,999999,999999,999999,999999,999999,999999,999999,999999,999999,999999,100,999999,234,999999,999999,165,999999,999999,999999,999999,999999,999999,999999,999999,387,184,122,999999,999999,999999,999999,999999,999999,227,999999,999999,999999,999999,999999,999999,999999,999999,999999,999999,999999,999999,999999,999999,131,83,100,123,102,999999,999999,29,1350,999999,56,999999,999999,999999,999999,999999,999999,379,999999,79,48,999999,999999,999999,999999,999999,999999,999999,999999,999999,999999,999999,999999,999999,999999,999999,999999,999999,999999,66,40
117,999999,999999,999999,999999,40,999999,999999,999999,999999,214,255,999999,999999,999999,18,999999,999999,27,999999,999999,999999,999999,999999,999999,42,999999,298,999999,999999,170,197,133,999999,999999,999999,999999,999999,999999,999999,999999,999999,999999,999999,67,999999,999999,999999,999999,999999,999999,175,87,150,101,277,371,85,243,221,109,999999,485,194,275,396,28,999999,999999,999999,39,999999,999999,250,999999,999999,999999,161,999999,999999,999999,360,999999,85,999999,999999,248,1113,75,326,245,363,999999,999999,999999,999999,999999,999999,999999,999999,999999,1155,999999,999999,469,156,206,87
118,999999,999999,999999,999999,328,999999,999999,999999,299,242,216,999999,999999,999999,999999,999999,999999,999999,999999,999999,999999,999999,999999,999999,999999,999999,31,999999,999999,143,376,63,999999,999999,999999,999999,999999,999999,999999,999999,999999,999999,999999,999999,999999,999999,999999,999999,999999,999999,999999,999999,252,398,205,177,274,301,243,199,999999,191,75,123,999999,244,999999,999999,999999,121,999999,999999,999999,999999,999999,83,125,999999,999999,999999,149,11,130,999999,999999,206,212,279,363,158,299,999999,999999,999999,999999,7,999999,999999,329,999999,419,999999,999999,999999,188,191,235
119,999999,999999,999999,999999,999999,999999,261,999999,999999,999999,411,999999,999999,999999,999999,999999,243,1392,999999,999999,128,999999,213,193,143,999999,999999,999999,999999,999999,999999,999999,999999,999999,242,999999,999999,999999,999999,999999,999999,999999,999999,999999,999999,999999,999999,999999,999999,999999,999999,281,341,999999,999999,999999,999999,999999,999999,999999,999999,2774,999999,999999,999999,999999,999999,999999,999999,999999,999999,999999,999999,999999,999999,999999,470,999999,216,999999,462,999999,999999,999999,1987,222,92,999999,999999,999999,999999,999999,999999,999999,999999,76,999999,999999,999999,999999,999999,999999,999999,999999,999999,891,999999
120,999999,999999,999999,999999,203,999999,999999,999999,524,321,238,999999,999999,999999,999999,999999,38,999999,999999,999999,999999,999999,999999,26,999999,999999,166,999999,999999,88,245,126,999999,999999,999999,999999,999999,999999,999999,999999,999999,999999,999999,999999,999999,999999,999999,999999,999999,999999,999999,999999,309,188,155,266,396,266,308,291,999999,176,319,264,41,198,999999,999999,999999,84,999999,999999,1027,999999,999999,999999,222,999999,999999,999999,561,999999,59,999999,999999,139,999999,126,170,233,302,999999,999999,999999,999999,999999,999999,999999,999999,999999,97,999999,999999,2064,345,243,289
121,999999,999999,999999,999999,999999,999999,999999,57,999999,999999,999999,999999,999999,999999,999999,999999,999999,999999,999999,999999,999999,999999,999999,999999,999999,999999,999999,999999,999999,999999,999999,999999,999999,999999,999999,999999,999999,999999,999999,999999,42,999999,999999,999999,999999,999999,999999,999999,999999,999999,999999,999999,999999,999999,999999,999999,999999,999999,999999,999999,999999,999999,999999,999999,999999,999999,999999,999999,999999,999999,999999,999999,999999,999999,999999,999999,999999,999999,999999,999999,999999,999999,999999,999999,999999,999999,999999,999999,999999,999999,999999,999999,999999,999999,999999,999999,999999,999999,999999,999999,999999,999999,999999,999999,999999,999999,999999
122,999999,999999,999999,999999,58,19,999999,999999,290,37,40,999999,999999,999999,999999,999999,999999,18,999999,999999,999999,999999,999999,999999,999999,999999,105,999999,999999,10,103,79,999999,999999,999999,999999,999999,999999,999999,999999,999999,999999,999999,999999,999999,20,999999,141,999999,999999,999999,27,134,285,404,10,45,183,126,278,999999,101,33,93,510,28,999999,17,999999,420,999999,26,225,32,999999,999999,89,999999,999999,999999,193,999999,379,999999,169,127,2841,42,315,125,434,999999,999999,999999,999999,68,999999,181,999999,999999,71,999999,999999,999999,201,125,121
123,999999,47,52,999999,84,999999,999999,999999,999999,65,56,130,45,999999,41,999999,999999,999999,43,999999,999999,999999,999999,999999,999999,999999,999999,30,999999,94,18,999999,999999,999999,999999,999999,999999,999999,999999,999999,999999,999999,999999,999999,999999,999999,999999,999999,999999,33,999999,48,999999,26,999999,999999,999999,8,28,999999,999999,213,999999,77,999999,32,999999,999999,17,96,999999,999999,999999,999999,79,319,36,999999,161,31,38,38,999999,65,43,22,27,999999,999999,27,999999,999999,999999,274,76,38,44,999999,30,23,999999,999999,999999,999999,36,17,9
124,999999,999999,999999,999999,999999,999999,999999,999999,999999,999999,999999,999999,999999,999999,999999,999999,999999,999999,999999,999999,999999,999999,999999,999999,999999,999999,235,999999,999999,999999,999999,999999,999999,999999,999999,999999,999999,999999,999999,999999,90,999999,999999,999999,999999,999999,999999,999999,999999,999999,999999,999999,999999,999999,999999,999999,999999,999999,999999,999999,999999,999999,999999,999999,999999,999999,999999,999999,999999,999999,999999,999999,999999,999999,999999,999999,999999,48,999999,999999,999999,999999,999999,999999,999999,999999,999999,999999,999999,999999,999999,999999,999999,999999,999999,999999,999999,999999,999999,999999,999999,999999,999999,999999,999999,999999,999999
125,999999,999999,999999,999999,175,999999,999999,999999,999999,269,320,999999,999999,999999,999999,999999,999999,999999,999999,136,999999,999999,999999,999999,999999,999999,199,999999,999999,999999,68,999999,999999,999999,999999,999999,999999,999999,999999,999999,999999,999999,999999,999999,999999,999999,29,999999,999999,359,999999,999999,86,49,84,36,112,34,173,279,999999,41,115,33,999999,195,999999,999999,999999,999999,999999,999999,5,999999,999999,999999,62,999999,999999,999999,40,999999,128,999999,999999,78,2632,190,999999,242,218,999999,999999,999999,999999,999999,999999,999999,999999,999999,254,999999,999999,999999,177,162,114
126,999999,999999,999999,999999,999999,999999,999999,999999,999999,999999,999999,999999,999999,50,840,294,999999,999999,999999,999999,999999,66,999999,999999,999999,999999,999999,299,999999,999999,999999,999999,999999,999999,999999,999999,999999,999999,999999,999999,999999,999999,999999,999999,999999,999999,999999,999999,999999,999999,999999,168,999999,999999,999999,999999,999999,999999,6,999999,919,999999,999999,999999,999999,999999,999999,999999,10,999999,999999,26,999999,999999,999999,8,999999,999999,999999,999999,999999,999999,999999,999999,999999,176,2529,999999,999999,999999,999999,999999,999999,999999,999999,999999,999999,164,6,999999,999999,999999,999999,999999,999999,999999,999999
127,999999,999999,999999,1191,999999,999999,999999,999999,999999,999999,999999,999999,999999,32,11,10,999999,999999,999999,999999,999999,10,999999,999999,999999,999999,999999,999999,16,999999,999999,999999,999999,999999,999999,999999,999999,999999,999999,999999,999999,999999,999999,999999,999999,999999,999999,999999,999999,999999,999999,47,999999,999999,999999,999999,999999,999999,999999,999999,999999,999999,999999,999999,999999,999999,999999,86,999999,431,21,999999,999999,999999,999999,999999,999999,999999,999999,999999,999999,999999,999999,999999,999999,999999,999999,999999,999999,999999,999999,999999,999999,999999,999999,1515,999999,999999,999999,999999,999999,999999,999999,999999,999999,999999,999999
128,999999,41,57,999999,999999,999999,999999,999999,999999,999999,999999,999999,999999,999999,39,999999,999999,999999,1987,999999,999999,999999,999999,999999,999999,999999,999999,148,999999,999999,999999,999999,999999,999999,999999,999999,999999,32,54,999999,999999,999999,999999,999999,999999,999999,999999,999999,999999,142,999999,68,999999,113,999999,999999,999999,999999,999999,999999,999999,999999,999999,999999,999999,86,999999,999999,999999,999999,999999,999999,999999,999999,999999,8,56,999999,22,102,999999,2750,999999,999999,61,190,999999,20,999999,999999,999999,999999,999999,42,999999,31,999999,999999,999999,129,999999,999999,999999,999999,999999,999999,999999
129,999999,33,23,999999,999999,999999,999999,999999,999999,999999,999999,999999,999999,999999,25,999999,999999,999999,999999,999999,999999,999999,999999,999999,999999,999999,999999,999999,999999,999999,999999,999999,999999,999999,999999,999999,999999,999999,999999,999999,999999,999999,999999,999999,999999,999999,999999,999999,999999,999999,999999,5,999999,999999,999999,999999,999999,999999,999999,999999,999999,999999,999999,999999,999999,999999,999999,999999,999999,999999,999999,999999,999999,999999,999999,999999,999999,612,39,52,999999,70,999999,999999,999999,999999,999999,999999,999999,999999,999999,999999,999999,15,999999,999999,999999,999999,1262,29,999999,999999,999999,999999,999999,999999,999999
130,999999,13,14,999999,999999,999999,999999,999999,999999,999999,999999,999999,999999,251,25,999999,999999,999999,999999,999999,999999,999999,999999,999999,999999,999999,21,999999,999999,13,42,15,999999,999999,999999,999999,999999,999999,999999,48,999999,999999,999999,999999,999999,999999,999999,999999,999999,10,999999,19,999999,999999,999999,999999,999999,999999,70,999999,999999,999999,999999,439,999999,180,999999,999999,54,999999,999999,999999,999999,999999,999999,11,20,999999,43,999999,999999,1482,999999,1813,999999,101,999999,44,999999,999999,999999,999999,999999,74,999999,17,999999,999999,1251,109,999999,999999,999999,999999,999999,17,83
131,999999,999999,999999,999999,32,999999,999999,999999,999999,999999,999999,999999,999999,999999,65,999999,999999,999999,999999,999999,999999,999999,999999,999999,999999,999999,999999,999999,999999,999999,999999,999999,999999,999999,999999,999999,999999,999999,999999,999999,999999,999999,999999,999999,999999,999999,999999,999999,999999,999999,999999,63,999999,999999,999999,999999,999999,999999,999999,16,999999,999999,999999,999999,999999,82,999999,999999,999999,999999,999999,999999,999999,999999,999999,999999,999999,999999,188,999999,1933,999999,999999,999999,999999,999999,999999,999999,999999,999999,999999,999999,999999,9,999999,54,25,999999,819,999999,999999,999999,999999,999999,999999,999999,999999
132,999999,999999,999999,999999,999999,999999,999999,999999,999999,999999,999999,999999,999999,11,999999,999999,999999,999999,999999,999999,999999,338,999999,999999,999999,999999,999999,999999,999999,999999,999999,999999,999999,999999,999999,999999,999999,999999,999999,999999,999999,999999,999999,999999,999999,999999,999999,999999,999999,999999,999999,999999,999999,999999,999999,999999,999999,999999,999999,999999,999999,999999,999999,999999,999999,999999,999999,999999,999999,999999,999999,999999,999999,999999,999999,999999,999999,999999,999999,999999,999999,999999,999999,999999,999999,999999,999999,999999,999999,999999,999999,999999,999999,999999,999999,999999,999999,999999,999999,999999,999999,999999,999999,999999,999999,999999,999999
133,999999,999999,999999,999999,999999,999999,999999,999999,999999,999999,999999,999999,999999,999999,999999,999999,999999,999999,999999,999999,999999,999999,999999,999999,999999,45,999999,999999,999999,999999,999999,999999,999999,999999,999999,999999,999999,999999,999999,999999,999999,999999,999999,999999,999999,999999,999999,999999,999999,999999,999999,999999,999999,999999,999999,999999,999999,999999,999999,999999,999999,999999,999999,999999,999999,999999,999999,999999,999999,999999,999999,999999,999999,999999,999999,999999,999999,999999,999999,999999,999999,999999,999999,999999,999999,999999,999999,999999,999999,999999,999999,999999,999999,999999,999999,8,999999,999999,999999,999999,999999,999999,999999,999999,999999,106,999999